{"cameraMode":{"drawMode":0,"name":"Shaded","section":"Shading Mode"},"sceneLighting":true,"audioPlay":false,"sceneViewState":{"showFog":true,"showMaterialUpdate":false,"showSkybox":true,"showFlares":true,"showImageEffects":true,"showParticleSystems":true},"in2DMode":false,"pivot":{"x":-0.2831979990005493,"y":-0.5074038505554199,"z":-1.1185684204101563},"rotation":{"x":0.017036734148859979,"y":0.9787809252738953,"z":-0.1826624721288681,"w":0.09129016846418381},"size":4.507275104522705,"orthographic":false}